"filename", "language", "TypeScript", "Markdown", "JSON with Comments", "JSON", "HTML", "PostCSS", "XML", "comment", "blank", "total"
"c:\Users\apotato\Desktop\mkone\README.md", "Markdown", 0, 30, 0, 0, 0, 0, 0, 0, 7, 37
"c:\Users\apotato\Desktop\mkone\TREE.md", "Markdown", 0, 16, 0, 0, 0, 0, 0, 0, 0, 16
"c:\Users\apotato\Desktop\mkone\config\fonts.json", "JSON", 0, 0, 0, 16, 0, 0, 0, 0, 0, 16
"c:\Users\apotato\Desktop\mkone\config\icon.svg", "XML", 0, 0, 0, 0, 0, 0, 1, 0, 0, 1
"c:\Users\apotato\Desktop\mkone\config\links.json", "JSON", 0, 0, 0, 14, 0, 0, 0, 0, 3, 17
"c:\Users\apotato\Desktop\mkone\css\base\base.css", "PostCSS", 0, 0, 0, 0, 0, 31, 0, 2, 5, 38
"c:\Users\apotato\Desktop\mkone\css\base\loading.css", "PostCSS", 0, 0, 0, 0, 0, 22, 0, 1, 2, 25
"c:\Users\apotato\Desktop\mkone\css\base\print.css", "PostCSS", 0, 0, 0, 0, 0, 13, 0, 1, 2, 16
"c:\Users\apotato\Desktop\mkone\css\base\scrollbar.css", "PostCSS", 0, 0, 0, 0, 0, 18, 0, 5, 6, 29
"c:\Users\apotato\Desktop\mkone\css\base\toast.css", "PostCSS", 0, 0, 0, 0, 0, 57, 0, 5, 4, 66
"c:\Users\apotato\Desktop\mkone\css\color\color-base.css", "PostCSS", 0, 0, 0, 0, 0, 22, 0, 7, 6, 35
"c:\Users\apotato\Desktop\mkone\css\color\color.css", "PostCSS", 0, 0, 0, 0, 0, 77, 0, 7, 8, 92
"c:\Users\apotato\Desktop\mkone\css\content\content.css", "PostCSS", 0, 0, 0, 0, 0, 25, 0, 3, 6, 34
"c:\Users\apotato\Desktop\mkone\css\content\pagnav.css", "PostCSS", 0, 0, 0, 0, 0, 102, 0, 18, 14, 134
"c:\Users\apotato\Desktop\mkone\css\content\renderer.css", "PostCSS", 0, 0, 0, 0, 0, 154, 0, 9, 22, 185
"c:\Users\apotato\Desktop\mkone\css\content\search-area.css", "PostCSS", 0, 0, 0, 0, 0, 81, 0, 5, 13, 99
"c:\Users\apotato\Desktop\mkone\css\index.css", "PostCSS", 0, 0, 0, 0, 0, 26, 0, 0, 10, 36
"c:\Users\apotato\Desktop\mkone\css\sidebar\links.css", "PostCSS", 0, 0, 0, 0, 0, 20, 0, 4, 3, 27
"c:\Users\apotato\Desktop\mkone\css\sidebar\nav.css", "PostCSS", 0, 0, 0, 0, 0, 114, 0, 17, 13, 144
"c:\Users\apotato\Desktop\mkone\css\sidebar\sidebar.css", "PostCSS", 0, 0, 0, 0, 0, 54, 0, 6, 10, 70
"c:\Users\apotato\Desktop\mkone\css\sidebar\title.css", "PostCSS", 0, 0, 0, 0, 0, 18, 0, 2, 2, 22
"c:\Users\apotato\Desktop\mkone\css\sidebar\toggle-botton.css", "PostCSS", 0, 0, 0, 0, 0, 63, 0, 3, 9, 75
"c:\Users\apotato\Desktop\mkone\css\topbar\arrow-botton.css", "PostCSS", 0, 0, 0, 0, 0, 80, 0, 21, 13, 114
"c:\Users\apotato\Desktop\mkone\css\topbar\export\botton.css", "PostCSS", 0, 0, 0, 0, 0, 50, 0, 6, 9, 65
"c:\Users\apotato\Desktop\mkone\css\topbar\export\export.css", "PostCSS", 0, 0, 0, 0, 0, 81, 0, 13, 13, 107
"c:\Users\apotato\Desktop\mkone\css\topbar\layout\botton.css", "PostCSS", 0, 0, 0, 0, 0, 53, 0, 5, 8, 66
"c:\Users\apotato\Desktop\mkone\css\topbar\layout\layout.css", "PostCSS", 0, 0, 0, 0, 0, 211, 0, 14, 33, 258
"c:\Users\apotato\Desktop\mkone\css\topbar\pagetitle.css", "PostCSS", 0, 0, 0, 0, 0, 42, 0, 4, 4, 50
"c:\Users\apotato\Desktop\mkone\css\topbar\search-botton.css", "PostCSS", 0, 0, 0, 0, 0, 57, 0, 3, 6, 66
"c:\Users\apotato\Desktop\mkone\css\topbar\theme\botton.css", "PostCSS", 0, 0, 0, 0, 0, 93, 0, 13, 11, 117
"c:\Users\apotato\Desktop\mkone\css\topbar\theme\theme.css", "PostCSS", 0, 0, 0, 0, 0, 158, 0, 9, 33, 200
"c:\Users\apotato\Desktop\mkone\css\topbar\topbar.css", "PostCSS", 0, 0, 0, 0, 0, 23, 0, 0, 5, 28
"c:\Users\apotato\Desktop\mkone\docs\01-主从复制.md", "Markdown", 0, 241, 0, 0, 0, 0, 0, 0, 65, 306
"c:\Users\apotato\Desktop\mkone\docs\02-数据库备份.md", "Markdown", 0, 59, 0, 0, 0, 0, 0, 0, 68, 127
"c:\Users\apotato\Desktop\mkone\docs\03-指南\01-你好.md", "Markdown", 0, 12, 0, 0, 0, 0, 0, 0, 5, 17
"c:\Users\apotato\Desktop\mkone\docs\03-指南\01-第一个\02-test2.md", "Markdown", 0, 29, 0, 0, 0, 0, 0, 0, 11, 40
"c:\Users\apotato\Desktop\mkone\docs\03-指南\02-第二个\01-test1.md", "Markdown", 0, 25, 0, 0, 0, 0, 0, 0, 5, 30
"c:\Users\apotato\Desktop\mkone\docs\04-一眼顶真\02-第二个\01-test1.md", "Markdown", 0, 25, 0, 0, 0, 0, 0, 0, 5, 30
"c:\Users\apotato\Desktop\mkone\docs\04-一眼顶真\02-第二个\01-第一个.md", "Markdown", 0, 29, 0, 0, 0, 0, 0, 0, 11, 40
"c:\Users\apotato\Desktop\mkone\docs\05-关于\01-test1.md", "Markdown", 0, 13, 0, 0, 0, 0, 0, 0, 4, 17
"c:\Users\apotato\Desktop\mkone\docs\05-关于\01-第一个\02-test2.md", "Markdown", 0, 1, 0, 0, 0, 0, 0, 0, 0, 1
"c:\Users\apotato\Desktop\mkone\docs\05-关于\02-第二个\01-test1.md", "Markdown", 0, 25, 0, 0, 0, 0, 0, 0, 5, 30
"c:\Users\apotato\Desktop\mkone\docs\05-关于\04-关于.md", "Markdown", 0, 12, 0, 0, 0, 0, 0, 0, 5, 17
"c:\Users\apotato\Desktop\mkone\index.html", "HTML", 0, 0, 0, 0, 105, 0, 0, 4, 23, 132
"c:\Users\apotato\Desktop\mkone\package-lock.json", "JSON", 0, 0, 0, 1056, 0, 0, 0, 0, 1, 1057
"c:\Users\apotato\Desktop\mkone\package.json", "JSON", 0, 0, 0, 18, 0, 0, 0, 0, 1, 19
"c:\Users\apotato\Desktop\mkone\src\content\markdown.ts", "TypeScript", 103, 0, 0, 0, 0, 0, 0, 14, 22, 139
"c:\Users\apotato\Desktop\mkone\src\content\pageManager.ts", "TypeScript", 133, 0, 0, 0, 0, 0, 0, 65, 29, 227
"c:\Users\apotato\Desktop\mkone\src\content\pagenav.ts", "TypeScript", 121, 0, 0, 0, 0, 0, 0, 40, 31, 192
"c:\Users\apotato\Desktop\mkone\src\core\stateManager.ts", "TypeScript", 63, 0, 0, 0, 0, 0, 0, 13, 12, 88
"c:\Users\apotato\Desktop\mkone\src\core\types.ts", "TypeScript", 27, 0, 0, 0, 0, 0, 0, 2, 2, 31
"c:\Users\apotato\Desktop\mkone\src\core\utils.ts", "TypeScript", 113, 0, 0, 0, 0, 0, 0, 11, 18, 142
"c:\Users\apotato\Desktop\mkone\src\main.ts", "TypeScript", 93, 0, 0, 0, 0, 0, 0, 5, 15, 113
"c:\Users\apotato\Desktop\mkone\src\sidebar\links.ts", "TypeScript", 38, 0, 0, 0, 0, 0, 0, 4, 6, 48
"c:\Users\apotato\Desktop\mkone\src\sidebar\navRender.ts", "TypeScript", 195, 0, 0, 0, 0, 0, 0, 30, 32, 257
"c:\Users\apotato\Desktop\mkone\src\sidebar\navTree.ts", "TypeScript", 108, 0, 0, 0, 0, 0, 0, 10, 18, 136
"c:\Users\apotato\Desktop\mkone\src\sidebar\navTypes.ts", "TypeScript", 15, 0, 0, 0, 0, 0, 0, 4, 3, 22
"c:\Users\apotato\Desktop\mkone\src\sidebar\sidebar.ts", "TypeScript", 65, 0, 0, 0, 0, 0, 0, 28, 18, 111
"c:\Users\apotato\Desktop\mkone\src\topbar\export.ts", "TypeScript", 150, 0, 0, 0, 0, 0, 0, 8, 19, 177
"c:\Users\apotato\Desktop\mkone\src\topbar\layout.ts", "TypeScript", 176, 0, 0, 0, 0, 0, 0, 35, 40, 251
"c:\Users\apotato\Desktop\mkone\src\topbar\search.ts", "TypeScript", 187, 0, 0, 0, 0, 0, 0, 21, 37, 245
"c:\Users\apotato\Desktop\mkone\src\topbar\theme.ts", "TypeScript", 99, 0, 0, 0, 0, 0, 0, 14, 17, 130
"c:\Users\apotato\Desktop\mkone\src\topbar\topbar.ts", "TypeScript", 138, 0, 0, 0, 0, 0, 0, 23, 30, 191
"c:\Users\apotato\Desktop\mkone\tsconfig.json", "JSON with Comments", 0, 0, 14, 0, 0, 0, 0, 0, 1, 15
"c:\Users\apotato\Desktop\mkone\vite.env.d.ts", "TypeScript", 0, 0, 0, 0, 0, 0, 0, 1, 0, 1
"Total", "-", 1824, 517, 14, 1104, 105, 1745, 1, 515, 839, 6664